Total_Budget_Cost,Pay_Later_duration,Gender,employment_title,employment_length,home_ownership,Annual_income,Date_items_bought,Pay_Later_Status,Buying_For,cutomer_address
10000, 36 months,Female,Marketing,10+ years,RENT,117000,Jan-15,Paid,Family use,"0174 Michelle Gateway
Mendozaberg, OK 22690"
8000, 36 months,Female,Credit analyst ,4 years,MORTGAGE,65000,Jan-15,Paid,Family use,"1076 Carney Fort Apt. 347
Loganmouth, SD 05113"
15600, 36 months,Female,Statistician,< 1 year,RENT,43057,Jan-15,Paid,Family use,"87025 Mark Dale Apt. 269
New Sabrina, WV 05113"
7200, 36 months,Male,Client Advocate,6 years,RENT,54000,Nov-14,Paid,Family use,"823 Reid Ford
Delacruzside, MA 00813"
24375, 60 months,Male,Destiny Management Inc.,9 years,MORTGAGE,55000,Apr-13,Not Paid,Family use,"679 Luna Roads
Greggshire, VA 11650"
20000, 36 months,Male,HR Specialist,10+ years,MORTGAGE,86788,Sep-15,Paid,School use,"1726 Cooper Passage Suite 129
North Deniseberg, DE 30723"
18000, 36 months,Male,Software Development Engineer,2 years,MORTGAGE,125000,Sep-15,Paid,School use,"1008 Erika Vista Suite 748
East Stephanie, TX 22690"
13000, 36 months,Female,Office Depot,10+ years,RENT,46000,Sep-12,Paid,School use,"USCGC Nunez
FPO AE 30723"
18900, 60 months,Female,Application Architect,10+ years,RENT,103000,Oct-14,Paid,School use,"USCGC Tran
FPO AP 22690"
26300, 36 months,Male,Regado Biosciences,3 years,MORTGAGE,115000,Apr-12,Paid,School use,"3390 Luis Rue
Mauricestad, VA 00813"
10000, 36 months,Female,Sodexo,2 years,RENT,95000,Jun-13,Paid,School use,"40245 Cody Drives
Bartlettfort, NM 00813"
35000, 36 months,Male,Director Bureau of Equipment Inventory,8 years,MORTGAGE,130000,May-14,Paid,School use,"3126 Sean Dale Apt. 141
South Matthew, MS 00813"
7500, 36 months,Female,Social Work/Care Manager,7 years,OWN,55000,Dec-15,Paid,Personal use,"4173 David Extension
West Beckyfort, MS 70466"
35000, 60 months,Male,Regional Counsel,10+ years,MORTGAGE,157000,Apr-15,Paid,School use,"3343 Wells Mews
Shellychester, OR 29597"
25975, 36 months,Male,Pullman Regional Hospital,9 years,MORTGAGE,65000,Oct-12,Paid,School use,"0472 Weber Manors Apt. 660
Lake Andrew, NH 29597"
18000, 36 months,Male,firefighter,8 years,MORTGAGE,45000,Jul-14,Paid,School use,"11629 Sean Hills Suite 614
Stevenfort, HI 30723"
32350, 60 months,Female,Comcast Corporate office,10+ years,MORTGAGE,72000,Feb-13,Paid,School use,"407 Briggs Lodge Suite 778
West Aprilborough, PA 00813"
11200, 60 months,Male,principal,10+ years,MORTGAGE,81000,Oct-15,Paid,School use,"487 Jennifer Parkway Suite 940
Cummingsshire, NH 30723"
34000, 36 months,Male,Pilot,10+ years,RENT,130580,Jan-14,Paid,Family use,"254 Mary Ferry
Port Kirstenborough, CO 70466"
20000, 36 months,Male,Registered Nurse,7 years,MORTGAGE,85000,Mar-16,Paid,Family use,"Unit 8386 Box 5821
DPO AE 05113"
9200, 36 months,Male,Personal Trainer,< 1 year,RENT,65000,Apr-14,Paid,Family use,"9930 Darryl Hollow Apt. 443
Staffordmouth, CO 30723"
7350, 36 months,Female,Francis Howell School District,10+ years,MORTGAGE,54800,Jun-13,Paid,Family use,"0224 Kenneth Junctions
Bradystad, SD 05113"
4200, 36 months,Male,midstate steel llc,5 years,OWN,24000,Jun-11,Paid,Family use,"54395 Melissa Walks
Jenniferbury, AL 05113"
20000, 36 months,Male,Office Manager,10+ years,OWN,55000,Oct-14,Paid,Family use,"32520 Shawn Radial Suite 404
South Tamarafort, FL 22690"
5000, 36 months,Female,Operations Manager,5 years,RENT,75000,Sep-15,Paid,Family use,"25722 Horn Harbor
Lauraville, VA 30723"
6000, 36 months,Female,CSU Monterey Bay,2 years,RENT,46680,Apr-10,Not Paid,Family use,"44130 Powers Course Suite 880
East Preston, AZ 30723"
8400, 36 months,Male,Bartender,6 years,RENT,35000,Jun-14,Not Paid,Family use,"Unit 3166 Box 1862
DPO AE 48052"
23050, 36 months,Female,Anheuser-Busch ,3 years,RENT,80000,Apr-13,Paid,Family use,"5105 Madison Glen Apt. 955
Charlesport, WI 05113"
15000, 36 months,Female,Teacher,10+ years,MORTGAGE,79000,Oct-13,Paid,Family use,"10747 Jennifer Lights
East Graceburgh, NC 05113"
20000, 36 months,Male,Sr. Business Analyst,10+ years,MORTGAGE,87000,Nov-14,Paid,Personal use,"955 Tapia Circles Apt. 754
Port Antonio, IN 48052"
13200, 36 months,Female,"Medtronic, Inc.",10+ years,RENT,71000,May-13,Paid,Personal use,"19223 Laurie Causeway Apt. 914
Barryton, MO 48052"
4600, 36 months,Male,Stocker,5 years,RENT,29400,Feb-15,Paid,Personal use,"054 Adam Mission Suite 172
South Mitchell, WI 70466"
3000, 36 months,Male,American Heart Association,1 year,OWN,64000,Oct-11,Paid,Personal use,"2722 Smith Branch Suite 131
Shaunbury, NH 22690"
20000, 36 months,Male,Senior Software Engineer,3 years,RENT,95000,Jun-15,Paid,Personal use,"USNV Trujillo
FPO AA 30723"
12725, 36 months,Male,dealer,10+ years,RENT,43000,Jun-14,Paid,Personal use,"85164 Michael Overpass Suite 653
Lancechester, SD 30723"
5375, 36 months,Female,,,RENT,34000,May-13,Paid,Personal use,"23617 Michael Viaduct
West John, MS 05113"
3250, 36 months,Male,,,RENT,22500,Aug-13,Not Paid,Personal use,"361 Erica Forest
Lake Mariaton, TN 30723"
15000, 36 months,Female,facility technician,10+ years,MORTGAGE,90000,Oct-13,Paid,Personal use,"974 Wood Squares
West Stevenfurt, KS 05113"
15000, 36 months,Male,Housekeeper,7 years,RENT,52000,Jun-14,Paid,Personal use,"76019 Young Motorway Suite 134
New Heatherland, DE 00813"
10800, 36 months,Male,Shift Supervisor,4 years,RENT,51840,Oct-14,Paid,Personal use,"PSC 5108, Box 2953
APO AP 05113"
35000, 60 months,Female,,4 years,MORTGAGE,130000,Feb-14,Paid,Personal use,"8268 Reed Gardens Suite 996
East Johnmouth, ND 05113"
28000, 60 months,Male,American Airlines,10+ years,RENT,52000,Dec-11,Not Paid,Personal use,"5836 Garcia Falls Apt. 525
Matthewtown, CT 22690"
21000, 60 months,Female,laborer,2 years,MORTGAGE,80000,Dec-15,Paid,Personal use,"419 James Branch
Johnsonmouth, WY 70466"
8400, 36 months,Female,Vegas.com,10+ years,RENT,120000,Mar-13,Paid,Personal use,"976 Smith Bridge
West Michael, NE 30723"
11950, 60 months,Female,labor,10+ years,RENT,30000,Oct-14,Paid,Personal use,"0062 Stephanie Well Suite 269
Riveratown, TX 48052"
6700, 36 months,Female,Home attendant ,< 1 year,RENT,21000,Jun-16,Paid,Personal use,"PSC 7168, Box 4065
APO AA 22690"
16000, 36 months,Female,Payroll Manager,10+ years,MORTGAGE,78000,Mar-14,Paid,Personal use,"62323 Christopher Forges Apt. 968
Cindyview, RI 00813"
20000, 36 months,Female,Litigation Paralegal,10+ years,MORTGAGE,64000,Nov-13,Paid,Personal use,"57769 John Via Suite 037
Stephaniehaven, AR 48052"
16000, 60 months,Male,Accountant,3 years,RENT,40000,Dec-14,Not Paid,Personal use,"76010 Houston Haven
Port Keithburgh, MI 86630"
15000, 36 months,Male,,,MORTGAGE,90000,Apr-16,Paid,Personal use,"84009 David Stream
South Nicolehaven, IL 05113"
12875, 36 months,Male,Cracker Barrel Old Country Store,8 years,OWN,58000,Sep-13,Paid,Personal use,"70807 Elizabeth Vista Apt. 384
Garciaville, CO 29597"
15000, 60 months,Female,Rn,8 years,MORTGAGE,75000,May-16,Paid,Personal use,"51321 Joshua Villages Suite 660
West Amandaside, AR 05113"
8000, 36 months,Female,Client Support Specialist,9 years,OWN,55000,Oct-14,Paid,Personal use,"71523 Jamie Cove Suite 930
North Barbara, LA 05113"
14000, 36 months,Male,Branch Manager,2 years,MORTGAGE,100000,Jul-15,Paid,Personal use,"655 Lawrence Ville Apt. 951
West Coleland, MO 05113"
12000, 60 months,Female,clinical therapist,7 years,MORTGAGE,60000,Apr-15,Not Paid,Family use,"78275 Rodriguez Square
Hallchester, AZ 30723"
15000, 36 months,Male,Armored Car Guard,3 years,OWN,40000,Oct-14,Paid,Family use,"6360 Claire Motorway
East Shannonchester, AL 05113"
12000, 36 months,Female,MCSO,6 years,MORTGAGE,38000,Jul-13,Paid,Family use,"5100 Cantu Burg Apt. 409
Adamland, PA 48052"
35000, 36 months,Male,Administrator,9 years,MORTGAGE,118497.84,Mar-14,Paid,Family use,"578 Smith View Suite 106
Miguelfort, IN 29597"
10000, 36 months,Female,,,MORTGAGE,32000,Jul-13,Paid,Family use,"965 Spencer Courts
Pacetown, AZ 00813"
15000, 60 months,Male,Field Biologist,3 years,RENT,50000,Jul-15,Paid,Family use,"230 Denise Vista
Carterville, NY 30723"
9000, 36 months,Female,salt lake city school district,7 years,MORTGAGE,59500,Aug-13,Paid,Family use,"199 David Lane
South Virginiaberg, ND 70466"
25000, 60 months,Male,Rural Letter Carrier,10+ years,MORTGAGE,80000,Aug-14,Paid,Family use,"0676 Kaiser Bypass
Singhburgh, SD 22690"
5000, 36 months,Female,self,10+ years,RENT,66000,May-08,Paid,Family use,"USS Goodman
FPO AE 22690"
20000, 36 months,Male,Sr Social Worker,9 years,RENT,76000,Nov-13,Paid,Family use,"973 Carlos Junctions Suite 840
Reneechester, NC 00813"
10000, 60 months,Female,Truck driver,5 years,RENT,60000,Jan-15,Paid,Family use,"5723 Kane Skyway Apt. 920
New Oliviachester, IA 00813"
10000, 36 months,Female,Taylor Public Schools,10+ years,RENT,61000,Mar-10,Paid,Family use,"3109 Rachel Shores Suite 682
Port Andreaside, AK 05113"
15975, 60 months,Male,carrier,5 years,MORTGAGE,47000,Dec-15,Paid,Family use,"59681 Christopher Lock
North Williamtown, UT 70466"
12000, 60 months,Male,Attorney,1 year,MORTGAGE,128000,Nov-14,Paid,Family use,"88359 Howard Landing Apt. 565
Rodriguezton, NE 48052"
9900, 36 months,Female,Bartender,3 years,RENT,40000,Dec-13,Paid,Family use,"68278 Henderson Junction Suite 802
Port Georgetown, OK 29597"
3350, 36 months,Female,Administrative Assistant,10+ years,MORTGAGE,52000,Oct-14,Not Paid,Farm needs,"97848 Roman Circles Suite 098
New Claudiafort, RI 48052"
17000, 60 months,Female,Bookkeeper,2 years,RENT,50000,Jul-15,Paid,Farm needs,"308 Silva Centers Suite 208
West Davidview, WI 48052"
6425, 36 months,Male,Office Administrator,3 years,RENT,33000,Jun-14,Paid,Farm needs,"5012 Carter Lock Apt. 045
North Robertberg, NE 30723"
7200, 36 months,Female,Roofers Local 195,5 years,RENT,30000,May-13,Not Paid,Farm needs,"00014 Rocha Walk
Jacksonstad, MD 93700"
7475, 36 months,Male,Cleric II,< 1 year,RENT,33000,Apr-15,Paid,Farm needs,"1200 Hines Mountains Apt. 494
West Tiffany, MA 70466"
10000, 36 months,Male,Executive Manager,10+ years,MORTGAGE,55200,Jun-14,Paid,Farm needs,"4798 Monica Lock Suite 925
North Michelleberg, SD 00813"
13200, 36 months,Female,Brookdale University Hospital,1 year,RENT,45000,Mar-12,Paid,Farm needs,"1741 Jackson Street Suite 615
New Jenny, MA 70466"
19000, 36 months,Male,owner,10+ years,OWN,80000,Mar-15,Paid,Farm needs,"44296 Victor Plaza Apt. 108
Kimhaven, NM 30723"
11250, 60 months,Female,Global Account Director,1 year,RENT,135000,Dec-13,Paid,Farm needs,"55921 Dean Inlet Suite 937
New Diane, IL 22690"
17800, 60 months,Female,Dekalb County Fire Rescue,4 years,MORTGAGE,95000,Sep-11,Not Paid,Farm needs,"6651 Diana Freeway Suite 777
Leahton, WA 70466"
33000, 60 months,Male,Medtronic,9 years,MORTGAGE,92000,Mar-13,Paid,Farm needs,"43848 Lee Spurs
Mcclainshire, IL 29597"
19000, 36 months,Female,Broward Sheriff Office,8 years,RENT,48000,Jul-12,Paid,Farm needs,"58673 Foster Freeway
Port Meredithville, NY 22690"
10000, 36 months,Female,CNA/QMA,7 years,OWN,40000,Jan-14,Not Paid,Farm needs,"519 Dillon Lights Suite 839
Meghanstad, HI 48052"
8050, 36 months,Female,CNA,4 years,RENT,29500,Mar-15,Not Paid,Farm needs,"610 Joshua Haven Suite 591
Johnsonside, MN 70466"
9000, 36 months,Female,Program Manager,6 years,RENT,80000,Mar-15,Paid,Farm needs,"41919 Philip Walk Apt. 811
Ramosmouth, OH 29597"
7200, 36 months,Female,Ultrasound Technologist,6 years,RENT,72000,Feb-14,Not Paid,Farm needs,"5740 Aaron Mountains Suite 747
Samanthaview, MT 22690"
5600, 36 months,Male,Mate,5 years,MORTGAGE,63000,Jun-16,Paid,Farm needs,"7762 Leslie Dale
Cynthiaville, NJ 70466"
10000, 36 months,Female,Lead Technician level 4 ,3 years,RENT,39000,Jan-14,Paid,Farm needs,"006 Bryan Parks
Kennedyview, CO 22690"
30000, 60 months,Female,Medtronic,5 years,MORTGAGE,187321,Jul-12,Paid,Farm needs,"25281 Kevin Neck
Armstrongton, TN 29597"
9425, 36 months,Male,beach house mkt inc,8 years,RENT,45000,Dec-11,Paid,Farm needs,"983 Young Causeway Suite 575
Fostermouth, KS 30723"
23000, 36 months,Male,Controller,10+ years,MORTGAGE,80000,Jul-14,Paid,Farm needs,"805 Scott Mountain
Port Connie, DC 00813"
18000, 36 months,Female,Sales Manager,4 years,MORTGAGE,90000,Oct-13,Paid,Farm needs,"03377 Russell Crescent Suite 154
Port Derekton, DE 00813"
30225, 60 months,Female,,,MORTGAGE,65800,Aug-14,Not Paid,Farm needs,"493 Michael Route
Hillfurt, AZ 70466"
3000, 36 months,Male,PA Leadership Charter School,< 1 year,RENT,39000,Sep-11,Paid,Personal use,"USCGC Hamilton
FPO AA 48052"
5000, 36 months,Female,Electrician,7 years,RENT,52000,Jan-14,Paid,Personal use,"9561 Villa Coves
Haleyfurt, DE 05113"
4000, 36 months,Male,technician,10+ years,MORTGAGE,75000,Oct-15,Paid,Personal use,"6755 Wright Shore
Monicatown, NV 70466"
30000, 36 months,Female,Sergeant Major,10+ years,RENT,101000,Nov-14,Paid,Personal use,"2528 Herrera Track Suite 897
Savannahburgh, NY 70466"
12625, 60 months,Female,Nursing Assistant,7 years,MORTGAGE,43000,Jul-15,Paid,Personal use,"522 Melissa Village
East Janice, MT 00813"
13400, 60 months,Female,DESIGNER,10+ years,MORTGAGE,56000,Nov-14,Not Paid,Personal use,"0326 Jacob Via
Jacksonstad, MI 93700"
24250, 60 months,Male,Keystone Automotive Operations,10+ years,MORTGAGE,46200,Dec-11,Paid,Personal use,"7371 Holland Circles Suite 244
Gibsonport, WV 48052"
21000, 36 months,Female,,7 years,RENT,150000,Mar-13,Paid,Personal use,"3239 Michael Vista Suite 848
East Amanda, IL 70466"
17000, 36 months,Male,Black Horse Pike Regional School Distric,10+ years,MORTGAGE,87000,Oct-11,Paid,Personal use,"9919 Thomas Shore Suite 574
West Allison, VT 00813"
9100, 36 months,Male,Store manager,9 years,RENT,41000,Oct-15,Not Paid,Personal use,"1465 Giles Ranch Suite 073
Wyattshire, OH 70466"
26000, 36 months,Male,HHC 40th ESB (US Army),10+ years,RENT,59500,Aug-13,Paid,Personal use,"2360 Stephanie Lane Suite 533
Garciafort, NM 22690"
30000, 36 months,Male,Alice G. Alatorre DDS.,9 years,MORTGAGE,108000,Dec-12,Not Paid,Personal use,"453 Murray Stream
South Cathyfort, IL 93700"
15000, 36 months,Male,Capital One,6 years,MORTGAGE,83000,Jun-13,Paid,Personal use,"454 Hernandez Rapid Suite 604
Port Laurenburgh, WI 29597"
8000, 36 months,Female,Sally beauty supply,7 years,RENT,27000,Aug-13,Paid,Personal use,"510 Sarah Terrace
Lake Cynthialand, MS 00813"
8000, 36 months,Female,Production Administrator,8 years,MORTGAGE,25000,Oct-13,Paid,Personal use,"133 Erin Center Apt. 469
South Jennifer, MI 05113"
11200, 60 months,Male,Production Operator,9 years,RENT,106000,May-16,Paid,Personal use,"09693 Smith Alley Apt. 461
East Miranda, CT 00813"
12000, 36 months,Male,Maintenance,10+ years,MORTGAGE,45000,Sep-14,Paid,Personal use,"2606 Kenneth Grove Apt. 292
South Jenniferhaven, WV 70466"
6600, 36 months,Female,Legal Secretary,10+ years,MORTGAGE,48000,Mar-16,Paid,Personal use,"9480 Tyler Brook
Port Emilyborough, NY 30723"
5000, 36 months,Female,Incomm,6 years,RENT,54000,Nov-12,Paid,Personal use,"0658 Reese Run Apt. 912
South Rachel, NY 30723"
5000, 36 months,Male,Systems Administrator,10+ years,OWN,55000,Nov-13,Paid,Personal use,"Unit 4847 Box 9014
DPO AE 29597"
14000, 36 months,Female,line worker,10+ years,MORTGAGE,47000,Apr-16,Paid,Personal use,"664 Alexander Circle Suite 078
Lake Leah, FL 29597"
26575, 36 months,Female,Train Operator,1 year,RENT,70000,Mar-15,Paid,Personal use,"53673 Amanda Stravenue
New Patrickburgh, OK 30723"
8000, 36 months,Female,Principal,10+ years,MORTGAGE,110000,Oct-13,Paid,Personal use,"932 Reed Track Suite 467
North Anna, CA 70466"
6500, 36 months,Male,Resident Service Director,< 1 year,MORTGAGE,43000,Apr-14,Paid,Personal use,"149 Duffy Road
Davisfurt, OR 48052"
19725, 60 months,Male,Virginia Commonwealth University,2 years,MORTGAGE,73410,Sep-13,Paid,Personal use,"5255 John Hill Apt. 143
North Chelsea, NE 70466"
18525, 36 months,Male,UGHS AUTIMIS BILLING INC,1 year,MORTGAGE,42000,Jul-13,Paid,Personal use,"64445 Jessica Mountains Apt. 496
Lake Kimberly, NJ 70466"
5400, 36 months,Male,Solutions Architect,5 years,MORTGAGE,153000,Dec-13,Paid,Personal use,"5785 Hernandez Divide
Lake Wandashire, NE 22690"
33600, 60 months,Female,Analyst,3 years,MORTGAGE,145000,Jul-14,Paid,Personal use,"1274 Parker Squares
Kevinbury, AR 29597"
28000, 60 months,Female,Director special projects,4 years,MORTGAGE,120000,Feb-15,Paid,Personal use,"17089 Compton Track Apt. 734
Port Michelechester, VA 30723"
35000, 36 months,Male,Teacher,10+ years,MORTGAGE,95000,Oct-15,Paid,Personal use,"50540 Joshua Islands Suite 375
Randallville, MI 00813"
8400, 36 months,Male,Sales Rep.,3 years,RENT,105000,Feb-15,Paid,Personal use,"36037 Steven River
West Nicolebury, MN 22690"
30000, 60 months,Female,Victorian Senior Care,10+ years,MORTGAGE,72500,Nov-12,Not Paid,Personal use,"8219 Dennis Station Apt. 722
Bateston, LA 70466"
28000, 60 months,Male,Vice President,1 year,MORTGAGE,104000,Dec-15,Not Paid,Personal use,"8367 Santos Lodge
Robinsonmouth, VA 70466"
12525, 36 months,Female,Driver,2 years,RENT,70000,Jul-15,Paid,Personal use,"065 Martinez Flats
Port Samuel, AL 29597"
9000, 36 months,Female,Sushi chef,10+ years,RENT,25000,Jun-16,Paid,Personal use,"53385 Williams Corner
North Alejandraport, SD 00813"
19600, 36 months,Female,Wal-Mart,6 years,RENT,44000,Dec-12,Paid,Personal use,"460 Justin Squares
Buchananmouth, MA 70466"
17625, 36 months,Female,Vero Beach Surgery Center,10+ years,MORTGAGE,85000,May-13,Not Paid,Personal use,"84036 Myers Shore
West Thomashaven, OR 30723"
15000, 36 months,Female,Recruiter,7 years,MORTGAGE,72000,Nov-13,Paid,Personal use,"088 Erica Mall Apt. 059
North Paulchester, NH 29597"
11875, 36 months,Female,USPS,10+ years,OWN,56000,Jul-13,Paid,Family use,"816 Brown Turnpike
Port Kimberlyshire, KS 30723"
30000, 60 months,Female,IT Specialist,10+ years,MORTGAGE,74000,Apr-15,Not Paid,Family use,"459 Mia Inlet
North Davidhaven, TN 86630"
10000, 36 months,Female,Branch Manager,< 1 year,RENT,80000,Apr-15,Paid,Family use,"8766 Cox Keys
Samuelfurt, OH 29597"
13075, 60 months,Female,Clerk-specialist level,10+ years,MORTGAGE,54777,Sep-15,Paid,Family use,"1532 Gill Greens Apt. 236
South Cassandrafurt, MN 48052"
35000, 60 months,Male,Transportation manager,10+ years,MORTGAGE,88500,Mar-14,Paid,Family use,"619 Daniels Junction Suite 249
Lake Frank, ME 29597"
6500, 36 months,Female,invoice,10+ years,RENT,40000,Mar-16,Paid,Family use,"631 Jill Rapids Suite 264
Russellfort, FL 70466"
12000, 36 months,Male,LPN,2 years,RENT,55000,Oct-14,Paid,Family use,"536 Jack Forges Apt. 092
Petersonfurt, NE 30723"
21000, 60 months,Female,buyer,2 years,RENT,45000,Jan-15,Paid,Family use,"7914 Jason Inlet
West Stephenstad, SD 00813"
25000, 60 months,Male,manager,4 years,MORTGAGE,85000,Nov-15,Paid,Family use,"2705 Jennifer Trail Suite 049
Barryshire, VT 22690"
20000, 36 months,Female,HP,< 1 year,MORTGAGE,170000,Jan-11,Paid,Family use,"USCGC Miller
FPO AE 22690"
5000, 36 months,Female,Administrative Specialist,10+ years,RENT,85000,Jul-14,Paid,Family use,"USNV Martinez
FPO AP 29597"
12000, 36 months,Male,miles electric co,10+ years,RENT,45000,Jun-13,Paid,Family use,"95976 Anthony Mall Suite 810
North Jessica, VT 00813"
10000, 36 months,Female,Program Manager,6 years,MORTGAGE,150000,Jan-14,Paid,Family use,"6132 Lopez Courts
South Rebecca, NJ 70466"
15000, 36 months,Male,Imclone,4 years,MORTGAGE,82000,Mar-12,Paid,Family use,"83769 Green Road
Port Patriciastad, NV 00813"
20000, 60 months,Female,Dell Inc.,10+ years,MORTGAGE,90000,May-12,Not Paid,Family use,"096 Edwin Drives
Paulstad, VA 86630"
16800, 60 months,Female,Math Teacher,2 years,OWN,51000,Mar-16,Not Paid,Family use,"42822 Frank Forges
New Dominiquetown, TX 11650"
5500, 36 months,Female,Smith & Wollensky,3 years,RENT,38000,Oct-12,Paid,Family use,"316 Sharon Orchard
West Kyle, MS 29597"
13625, 36 months,Male,medical clinic coordinator,2 years,RENT,36000,Apr-14,Paid,Family use,"3712 Amanda Light
New Christopher, NC 00813"
8325, 36 months,Female,FSQA Supervisor II,5 years,RENT,54290,Oct-14,Paid,Family use,"355 Mark Point Suite 713
Schaeferhaven, UT 22690"
6375, 36 months,Female,Installer,1 year,OWN,20000,May-14,Not Paid,Family use,"2912 Lopez Freeway Apt. 421
Alisonhaven, IN 22690"
10000, 36 months,Female,Quick Cash Advance LLC.,2 years,MORTGAGE,21000,May-12,Paid,Family use,"629 Andrew View Apt. 306
East Ann, TN 30723"
13225, 36 months,Female,Lifepoint Hospitals,2 years,MORTGAGE,65300,Aug-13,Paid,Family use,"8768 Megan Shoals Suite 325
West Kayla, DC 29597"
12000, 36 months,Female,"precision strip, inc",7 years,MORTGAGE,63000,Sep-12,Paid,Family use,"USNV Shepherd
FPO AE 05113"
35000, 36 months,Female,"Manager Maintenance, Compliance",10+ years,MORTGAGE,110000,May-16,Paid,Family use,"3909 Bentley Mall
East Tammyside, AL 00813"
12000, 36 months,Male,Palm Beach County Sheriff's Office,10+ years,MORTGAGE,98794.08,Mar-12,Paid,Family use,"USS Moses
FPO AP 30723"
5000, 36 months,Female,,,MORTGAGE,20000,Feb-16,Paid,Family use,"76832 Benjamin Meadows
Lake Robertview, UT 05113"
11350, 36 months,Female,Assistant Store Director,10+ years,RENT,56300,Jun-15,Paid,Family use,"4964 Jeffery Grove
Webbfort, ID 48052"
9000, 36 months,Female,Case Manager,4 years,MORTGAGE,92000,Oct-13,Not Paid,Family use,"Unit 1229 Box 9010
DPO AE 86630"
25000, 60 months,Male,Social worker,10+ years,RENT,65187.37,Jun-14,Paid,Family use,"959 Baker Fields Suite 016
Evansshire, NE 29597"
21000, 36 months,Male,FINGER LAKES DDSO,10+ years,MORTGAGE,60000,Jun-12,Paid,Family use,"PSC 1487, Box 3386
APO AP 29597"
13000, 36 months,Female,Field Nurse,5 years,RENT,52000,Apr-14,Paid,Family use,"929 Mora Locks
West Isaac, WV 48052"
9600, 36 months,Female,social service supervisor,10+ years,MORTGAGE,70000,Oct-14,Not Paid,Family use,"73385 Angela Fords Suite 938
Port Brittneyhaven, GA 86630"
2800, 36 months,Female,biomat,3 years,RENT,29000,Aug-12,Paid,Family use,"461 Ann Isle
Sarastad, OK 48052"
2200, 36 months,Female,Quality Control Specialist,10+ years,MORTGAGE,65500,Jul-14,Paid,Family use,"91467 Schmidt Lodge
Tracytown, KY 30723"
19200, 36 months,Male,Project manager ,3 years,MORTGAGE,88000,May-16,Paid,Family use,"220 Madeline Springs
West Oscartown, MI 05113"
9000, 36 months,Female,Dell Inc,6 years,MORTGAGE,110000,Aug-13,Paid,Family use,"9670 Smith Island Suite 387
Lake Stephaniefurt, WI 29597"
8000, 36 months,Male,Machinist,6 years,MORTGAGE,80000,Apr-14,Paid,Family use,"225 Megan Lodge
Douglashaven, HI 22690"
5000, 36 months,Female,Office Assistant Sr,10+ years,RENT,42000,Nov-13,Paid,Family use,"785 James Road Apt. 837
Charlesbury, DE 22690"
11800, 60 months,Female,,,RENT,44011,Jan-16,Paid,Family use,"3019 Smith Manors Suite 402
Lake Anthonyburgh, GA 22690"
7000, 36 months,Male,IT Process Manager,10+ years,MORTGAGE,96720,Jul-15,Paid,Family use,"3946 Stephen Ferry
Burnsmouth, NJ 30723"
35000, 60 months,Male,CHIEF ACCOUNTANT,8 years,MORTGAGE,125388,Oct-13,Paid,Family use,"78517 Gary Neck Suite 758
Jamesborough, MA 48052"
10800, 36 months,Female,CPHT,10+ years,RENT,45000,May-15,Not Paid,Family use,"Unit 4273 Box 1314
DPO AP 30723"
11950, 36 months,Male,Customer Service Agent,10+ years,RENT,40000,Mar-15,Not Paid,Family use,"011 Barrett Haven Apt. 426
Lake Dwaynetown, MD 11650"
16000, 36 months,Female,Assistant General Manager,10+ years,RENT,72000,May-15,Not Paid,Family use,"55885 Page Station Suite 564
Prattland, CT 48052"
18000, 36 months,Female,Advent International,6 years,RENT,85000,Apr-13,Not Paid,Family use,"9031 Cindy Corner Apt. 370
South Nicholashaven, IN 70466"
6000, 36 months,Female,Teacher ,6 years,RENT,50000,Oct-16,Paid,Family use,"USCGC Sandoval
FPO AP 00813"
33425, 36 months,Female,Assistant Professor,5 years,RENT,76000,Jun-15,Paid,Family use,"0433 Michael Track
East Jennifer, MS 05113"
25600, 36 months,Male,Electrical Engineer,10+ years,MORTGAGE,105000,Oct-14,Paid,Family use,"71558 Shaw Mountain Suite 811
West Robertmouth, MO 70466"
3550, 36 months,Female,professor,8 years,MORTGAGE,120000,Mar-14,Not Paid,Family use,"3776 Henry Turnpike
New Amberton, CO 70466"
20000, 60 months,Male,Recruiter,3 years,MORTGAGE,68000,Apr-15,Paid,Family use,"95038 Chen Mill
Smithland, SD 30723"
18000, 60 months,Male,Manager,9 years,OWN,85000,Aug-15,Paid,Family use,"30189 Nelson Burg Suite 951
Alyssafurt, DC 00813"
12800, 60 months,Male,city of new haven p/w,10+ years,RENT,65000,Aug-13,Not Paid,Family use,"551 Samantha Junction Apt. 651
Juliastad, AK 93700"
16000, 60 months,Male,Executive Administrator,1 year,RENT,100000,Mar-15,Paid,Family use,"74650 Arellano Gateway
East Robert, WY 70466"
5600, 36 months,Female,Curtain Wall Design Consulting,1 year,RENT,103000,Sep-13,Paid,Family use,"045 Buchanan Falls Apt. 849
Schultzborough, ND 29597"
15000, 36 months,Female,Psychotherapist,7 years,RENT,62000,Jan-15,Paid,Family use,"2028 Perez Inlet
Lake Katherine, RI 05113"
16000, 60 months,Female,Courtroom Clerk,2 years,MORTGAGE,78200,Jul-16,Paid,Family use,"5538 Fowler Forges
South Marcus, HI 29597"
9000, 36 months,Male,Federal Law Enforcement,10+ years,MORTGAGE,145000,Jul-14,Paid,Family use,"291 John Knoll
Harrisonview, NV 00813"
15500, 36 months,Female,,,OWN,107000,Nov-14,Paid,Family use,"Unit 7905 Box 7021
DPO AP 30723"
6000, 36 months,Female,Supervisor,3 years,RENT,63000,Aug-15,Paid,Family use,"5130 Michele Drive
Emmaberg, IN 22690"
9000, 36 months,Male,Mechanic,4 years,RENT,65000,Jun-15,Paid,Family use,"12547 Patricia Dale
South Jason, MD 22690"
24000, 36 months,Male,Lab Director,4 years,RENT,100000,Apr-15,Paid,Family use,"59579 Hodges Forge
South Shawn, MI 29597"
35000, 60 months,Female,teacher,10+ years,MORTGAGE,150000,Sep-15,Not Paid,Family use,"USCGC Santana
FPO AA 11650"
30000, 60 months,Male,cbp officer,7 years,MORTGAGE,101000,Feb-15,Paid,Family use,"8420 John Fork Apt. 046
West Pamelaside, UT 30723"
3000, 36 months,Male,Practical Nurse,2 years,RENT,50000,Apr-14,Paid,Family use,"27065 Wilson Trail Apt. 723
New Mariobury, DE 00813"
15000, 36 months,Female,Texeltek,3 years,MORTGAGE,100000,Jul-13,Paid,Family use,"0416 Joanne Knolls Apt. 315
Lake Samuelberg, NH 30723"
24000, 60 months,Female,Lieutenant,10+ years,MORTGAGE,224000,Jan-14,Not Paid,Family use,"PSC 8266, Box 8855
APO AP 11650"
6000, 36 months,Male,lead tech,5 years,OWN,40000,Oct-13,Paid,Family use,"018 Hunt Isle Suite 279
Lake Vincentshire, LA 30723"
28000, 60 months,Male,US Army,10+ years,RENT,73000,Nov-12,Not Paid,Family use,"207 Gray Track Apt. 851
Patelside, TN 93700"
10000, 36 months,Male,Director,10+ years,RENT,145000,Feb-15,Paid,Family use,"788 Christine Green
Lake John, WY 30723"
9450, 36 months,Male,"O2 Media, Inc.",5 years,MORTGAGE,45000,Sep-12,Paid,Family use,"256 Ebony Walks Apt. 216
Powellbury, WV 00813"
12000, 36 months,Male,Follet,6 years,RENT,45000,Feb-13,Paid,Family use,"8318 Amanda Path
Kristinmouth, UT 00813"
13000, 60 months,Male,Lending Manager 2,4 years,MORTGAGE,80000,May-14,Not Paid,Family use,"775 Derek Falls
New Julieside, NM 70466"
20000, 36 months,Male,URS ,< 1 year,MORTGAGE,150000,Nov-12,Paid,Family use,"89249 Paul Trail
Masontown, AZ 00813"
6500, 36 months,Female,Lead Painter,5 years,MORTGAGE,41000,Apr-14,Not Paid,Family use,"2342 William Trail
New Jason, VA 70466"
34350, 60 months,Female,Quality improvement data analyst,3 years,RENT,84000,Mar-16,Paid,Family use,"5050 Gomez Mill Suite 557
East Adamton, SD 22690"
3500, 36 months,Female,Project manager,1 year,MORTGAGE,85000,Apr-15,Paid,Family use,"847 Ashley Forest
Hallberg, KY 70466"
3500, 36 months,Male,Owner ,10+ years,MORTGAGE,28000,Mar-15,Not Paid,Family use,"26728 Chambers Mount Suite 568
West Keithborough, OH 93700"
5400, 36 months,Female,Clinical account specialist,9 years,RENT,65000,Feb-15,Paid,Family use,"152 Lopez Divide
West Elizabethmouth, NC 29597"
14000, 36 months,Female,Technical Director,10+ years,RENT,98593.24,Jan-14,Paid,Family use,"Unit 0197 Box 0235
DPO AE 05113"
12250, 36 months,Female,Administrative Support,1 year,RENT,40000,Jan-14,Paid,Personal use,"42853 Kathryn Gardens Suite 621
Port Jacobside, DC 70466"
28625, 36 months,Female,Teacher,10+ years,MORTGAGE,60000,Jan-14,Paid,Personal use,"2090 Higgins Lane Suite 171
Cannonbury, OK 48052"
13600, 36 months,Male,Sales,9 years,MORTGAGE,64000,May-14,Paid,Personal use,"94898 Jordan Land Suite 599
Wilkinsonview, AZ 29597"
14675, 36 months,Male,"Executive Director, IT and Datacenter",8 years,RENT,130000,Oct-13,Paid,Personal use,"6993 Lowe Junctions
Amandaland, TX 22690"
15000, 36 months,Female,Security Officer,2 years,RENT,52000,Jan-15,Paid,Personal use,"214 Cohen River
New Michelle, OH 22690"
13300, 36 months,Female,Metrics Consultant,10+ years,MORTGAGE,58000,Dec-14,Not Paid,Personal use,"22810 John Glen Suite 320
New Shane, CO 70466"
23050, 60 months,Female,traction power inspector,3 years,RENT,97000,Oct-14,Paid,Personal use,"74470 Kimberly Terrace Suite 534
Jamieton, NV 30723"
11325, 60 months,Female,Provisioning Analyst,9 years,MORTGAGE,38000,Jan-15,Not Paid,Personal use,"9915 Rachel Highway
Carlosville, VT 11650"
20000, 36 months,Female,Friedrich Petzel Gallery,< 1 year,RENT,60000,Sep-13,Paid,Personal use,"06141 Dennis Brooks
Port Calvin, NV 05113"
5800, 36 months,Female,,,OWN,18200,Mar-16,Paid,Personal use,"5926 Rodriguez Plains
Markborough, VA 22690"
25900, 60 months,Female,Ferry Terminal Manager I,7 years,RENT,67000,Mar-16,Paid,Personal use,"3975 Martinez Gateway
Port Scott, WA 22690"
8000, 36 months,Male,mill scheduler,10+ years,RENT,98000,May-15,Paid,Personal use,"7218 Jonathon Route
Wagnerland, MT 00813"
25000, 60 months,Female,Director Information Technology,10+ years,RENT,170000,Sep-14,Paid,Personal use,"381 Garcia Hollow
West Oliviaport, AK 05113"
7500, 36 months,Female,Site Manager,10+ years,MORTGAGE,90000,Jul-14,Not Paid,Personal use,"69401 Anderson Shoals Apt. 412
North Hailey, SD 86630"
11000, 36 months,Female,Teacher,10+ years,RENT,87000,Nov-14,Paid,Personal use,"262 Heath Hill
West Brittany, WI 30723"
18000, 36 months,Female,USAF,10+ years,RENT,74000,Apr-13,Paid,Personal use,"Unit 5221 Box 9962
DPO AP 30723"
21000, 36 months,Female,Truck driver,10+ years,OWN,85000,Feb-14,Paid,Personal use,"0431 Sarah Cove Suite 904
Paceton, RI 22690"
4550, 36 months,Female,Master Chief,10+ years,MORTGAGE,84000,Jun-16,Paid,Personal use,"1289 Melanie Shore Suite 059
New Angelatown, MI 30723"
18000, 36 months,Female,Palm Springs Unified School District,2 years,MORTGAGE,42000,Jun-13,Paid,Personal use,"7788 Michelle Keys
Port Nathan, OR 48052"
35000, 36 months,Male,Lawyer Partner,10+ years,MORTGAGE,350000,Feb-16,Paid,Personal use,"90980 Melissa Cliffs Suite 259
Port Angelica, IL 70466"
15000, 36 months,Female,Operator,< 1 year,RENT,65000,Mar-14,Paid,Personal use,"14623 Collins Heights Suite 803
Lake Angelburgh, WY 00813"
10000, 36 months,Female,sperry rail,1 year,RENT,50000,Aug-13,Paid,Personal use,"309 Emily Ridges
Donnahaven, ME 70466"
10000, 36 months,Male,Billing Manager,10+ years,MORTGAGE,100000,Aug-14,Paid,Personal use,"858 Mendez Wall Suite 366
Port Shawn, NV 29597"
15000, 36 months,Female,Bank of America,< 1 year,RENT,75000,Apr-12,Not Paid,Personal use,"38013 Bell Points Suite 050
Lake Laurenmouth, KY 11650"
2000, 36 months,Male,Teacher,5 years,RENT,50000,Jan-14,Paid,Personal use,"PSC 9860, Box 1451
APO AA 48052"
3600, 36 months,Male,Police officer,8 years,RENT,110000,Aug-14,Paid,Personal use,"4616 Cameron Harbor Apt. 602
Marthashire, ID 70466"
20000, 36 months,Female,Aviation Safety Inspector,6 years,MORTGAGE,98000,Nov-14,Paid,Personal use,"2390 Miller Burgs
New Steven, VA 29597"
15000, 36 months,Male,Internet Sales,5 years,RENT,120000,Oct-14,Paid,Personal use,"5614 Garcia Trafficway
South Donnaville, WA 05113"
8000, 36 months,Male,Manager,10+ years,MORTGAGE,85000,Jun-14,Paid,Personal use,"PSC 3147, Box 2767
APO AE 48052"
24000, 36 months,Female,RN,10+ years,OWN,85000,Apr-14,Not Paid,Personal use,"5009 Jenkins Mountains Apt. 440
Michaelmouth, RI 22690"
12400, 36 months,Female,Sales / Design,10+ years,MORTGAGE,112000,Mar-14,Paid,Personal use,"772 Young Harbor
Port Brooke, LA 22690"
15000, 36 months,Female,NFI Industries,< 1 year,RENT,140000,May-09,Paid,Personal use,"15616 Moran Overpass
New Beth, PA 70466"
8500, 36 months,Female,postmaster,10+ years,MORTGAGE,70000,May-14,Paid,Personal use,"2856 Oneal Street
Lauraview, IN 70466"
25000, 36 months,Male,Bottler,10+ years,RENT,100000,Dec-15,Paid,Personal use,"4196 Jones Plain Apt. 445
Tinaside, MN 70466"
20000, 60 months,Female,Fairleigh Dickinson University,2 years,MORTGAGE,52000,Jul-13,Paid,Personal use,"11591 Susan Inlet
Garrisonchester, NH 29597"
22950, 60 months,Female,Office Administrator,10+ years,OWN,50000,Oct-14,Paid,Personal use,"0784 Lindsey Spur Apt. 315
Dawnview, MI 22690"
15000, 36 months,Female,U.S. Postal Service,10+ years,MORTGAGE,53000,Feb-13,Paid,Personal use,"5635 Jennifer Cove
New Hannahmouth, NM 00813"
9000, 36 months,Male,,,OWN,25000,Dec-15,Not Paid,Personal use,"691 Newman Spring Suite 120
East Kellyhaven, NJ 22690"
15100, 36 months,Female,machinist,5 years,RENT,42000,Jun-15,Not Paid,Personal use,"84532 Lopez Mission
Lake Anthonyton, NY 48052"
30000, 36 months,Female,The Salvation Army,10+ years,MORTGAGE,95000,Apr-12,Paid,Personal use,"001 Joshua Valleys
Jefferybury, AK 48052"
11500, 60 months,Female,warehouse,< 1 year,RENT,36000,Oct-15,Not Paid,Personal use,"7459 Deborah Fort
North Danaview, NC 86630"
1200, 36 months,Male,Delta Nursing and Rehabilitation,< 1 year,RENT,21600,Jun-11,Paid,Personal use,"5751 John Groves Suite 100
New Gabrielborough, FL 05113"
16000, 60 months,Female,sales,8 years,RENT,56000,Feb-14,Not Paid,Personal use,"0506 Payne Common Apt. 233
West Wendy, WI 30723"
4000, 36 months,Female,PUBLIC HEALTH NURSE,4 years,RENT,39500,Jul-14,Not Paid,Personal use,"99148 Christina Forks
Lake Natalie, MT 22690"
7475, 36 months,Female,OPERATION MANANGER ,10+ years,MORTGAGE,100000,Oct-14,Paid,Personal use,"Unit 8536 Box 6257
DPO AA 29597"
9600, 36 months,Female,Manager,5 years,RENT,45000,Aug-16,Paid,Personal use,"0322 Connie View
North Kenneth, ID 30723"
3500, 36 months,Male,BOOKKEEPER,< 1 year,OWN,39648,Mar-14,Paid,Personal use,"11635 Christopher Isle Suite 957
Chavezville, OR 30723"
8975, 36 months,Male,Accounting,7 years,RENT,36500,Jun-15,Paid,Personal use,"1031 Ruiz Brooks
Lake Mariofurt, NH 70466"
19800, 36 months,Male,Personnel Specialist,7 years,MORTGAGE,47364,Jan-14,Paid,Personal use,"34572 David Lakes Apt. 357
East Tyler, AL 30723"
2500, 36 months,Female,stevens point police department,10+ years,MORTGAGE,55000,Jun-12,Paid,Personal use,"682 Kayla Forest Suite 032
West Ericafort, UT 00813"
2000, 36 months,Female,Analyst Management,10+ years,MORTGAGE,102000,Apr-15,Paid,Personal use,"849 Gregory Fall
New Linda, FL 00813"
7800, 36 months,Female,Kroger Co,10+ years,RENT,40000,Jul-13,Not Paid,Personal use,"Unit 8547 Box 2436
DPO AP 48052"
2400, 36 months,Female,Regular city carrier,5 years,MORTGAGE,61500,Dec-14,Paid,Personal use,"59376 Tyler Mountain
West Nichole, VT 05113"
15000, 36 months,Female,Capital Group,10+ years,RENT,66900,Mar-13,Paid,Personal use,"0100 Singh Green Apt. 105
Garybury, MS 00813"
8000, 36 months,Female,instructor,6 years,MORTGAGE,50000,Mar-14,Paid,Personal use,"389 Solis Key Suite 522
Sweeneyburgh, VA 22690"
12500, 36 months,Female,JSC Transortation,2 years,RENT,45000,Sep-12,Not Paid,Personal use,"137 Jefferson Fork Suite 808
Hawkinsside, NV 70466"
8000, 36 months,Female,Dental asst,10+ years,RENT,48000,Jul-14,Paid,Personal use,"640 Mary Heights
Lake Matthew, AL 48052"
18000, 36 months,Male,truck driver,7 years,MORTGAGE,87000,Mar-15,Not Paid,Personal use,"58512 James Crossroad Suite 006
Richardsonland, AK 30723"
8000, 36 months,Male,RN,9 years,MORTGAGE,100000,Jun-16,Paid,Personal use,"USS Clark
FPO AE 00813"
9500, 36 months,Male,Cook County Government,3 years,OWN,37000,Mar-12,Paid,Personal use,"3268 Neal Port Apt. 997
Port Nicholasburgh, IA 30723"
12000, 36 months,Female,ASRT,4 years,MORTGAGE,142000,Jul-12,Paid,Personal use,"022 James Ways
Port Jonathan, PA 48052"
10000, 36 months,Female,united states postal service,5 years,MORTGAGE,58000,Dec-12,Paid,Personal use,"3636 Kelley Camp Apt. 787
Pamelaville, ME 70466"
12000, 60 months,Male,Ag Teacher,2 years,MORTGAGE,61000,Oct-16,Paid,Personal use,"837 Stevens Shores Suite 778
South Gloria, TX 29597"
24000, 36 months,Male,Owner ,10+ years,OWN,98000,Jul-16,Paid,Personal use,"59772 Hernandez Isle
Nancyberg, MN 70466"
5825, 36 months,Female,Northwestern Medical Faculty Foundation,2 years,RENT,35000,Jul-13,Paid,Personal use,"210 Jones Ridge Suite 336
Kristinemouth, WA 00813"
2850, 36 months,Male,Supervisor,2 years,RENT,57000,Feb-16,Paid,Personal use,"068 Peters Curve Apt. 810
Christopherfort, NH 70466"
28000, 36 months,Female,Executive Director,2 years,MORTGAGE,250000,Oct-15,Paid,Personal use,"46182 Adam Centers Suite 528
Alexanderland, TX 30723"
25000, 60 months,Female,General Manager,8 years,MORTGAGE,87000,Mar-15,Paid,Personal use,"43999 Mccoy Flat
Matthewmouth, AK 00813"
12800, 36 months,Female,,,RENT,72000,Mar-16,Paid,Personal use,"623 Kelly River
Port Nicoleshire, CT 05113"
8000, 36 months,Male,,,RENT,22050,Apr-14,Paid,Personal use,"1630 Daniel Burgs
Russellland, CO 30723"
11200, 60 months,Male,manager,4 years,MORTGAGE,65000,Apr-15,Paid,Personal use,"Unit 5995 Box 0595
DPO AA 30723"
1000, 36 months,Female,Superfund Asset Management,< 1 year,RENT,50000,Jul-12,Paid,Personal use,"79864 Colin Isle
Jamesbury, KY 30723"
24000, 60 months,Female,,,RENT,55007,Jun-13,Paid,Personal use,"72473 Megan Drives
Port Jessicamouth, AL 22690"
3900, 36 months,Male,electrician,10+ years,OWN,70000,Apr-14,Paid,Personal use,"536 Castro Inlet Suite 439
West Gina, AL 22690"
15000, 36 months,Male,Electrician,3 years,MORTGAGE,90000,Sep-14,Not Paid,Personal use,"8791 Harvey Circles Apt. 465
South Lauraview, KS 93700"
3800, 36 months,Male,certified ophthal. assistant,10+ years,MORTGAGE,54000,Mar-15,Paid,Personal use,"441 Hoffman Lights
Sarahton, MD 22690"
20000, 60 months,Female,sales support,10+ years,MORTGAGE,60000,Oct-14,Paid,Personal use,"8121 Heather Meadows
Scottside, MT 00813"
21000, 36 months,Male,Toyota Tsusho,10+ years,OWN,495000,May-13,Paid,Personal use,"6883 Miller Square
Valdezburgh, CT 29597"
3600, 36 months,Female,Marketing Manager,< 1 year,OWN,80000,Dec-14,Paid,Personal use,"833 Joshua Garden
Harryfurt, CT 30723"
18000, 60 months,Male,Programmer/Analyst,10+ years,MORTGAGE,83000,Jan-14,Paid,Personal use,"6135 Nelson Orchard Apt. 683
Port Hannah, LA 70466"
3250, 60 months,Female,sarah tuxis,3 years,MORTGAGE,48000,Jun-11,Not Paid,Personal use,"3293 Miller Glen Apt. 905
Chapmantown, NV 70466"
15000, 36 months,Male,BOCC-Polk County,10+ years,RENT,39000,Apr-13,Paid,Personal use,"PSC 3891, Box 4247
APO AA 30723"
5000, 36 months,Male,Officer,9 years,MORTGAGE,59000,Oct-14,Paid,Personal use,"38026 Louis Forks
Mooneyport, AR 70466"
20000, 60 months,Female,Federal Public Defender,10+ years,MORTGAGE,130000,Aug-12,Paid,Personal use,"01524 Shaw Gardens Apt. 846
Lake Justin, WA 48052"
6000, 36 months,Female,Correction Officer,10+ years,RENT,80000,Apr-14,Paid,Personal use,"563 Michael Cape Suite 406
Marshshire, NV 48052"
24725, 60 months,Female,Chief Steward ,6 years,MORTGAGE,85000,Jun-16,Paid,Personal use,"7801 Long Island Apt. 714
South Stephaniebury, IN 30723"
12000, 60 months,Male,Quality Assurance Supervisior,10+ years,RENT,36000,Jun-15,Not Paid,Personal use,"754 Clark Green Apt. 120
Juliaville, MO 48052"
12000, 36 months,Female,State of CA,10+ years,MORTGAGE,96000,Aug-13,Paid,Personal use,"405 Reese Rapid Apt. 036
Davisshire, NJ 70466"
30000, 36 months,Male,GE,10+ years,MORTGAGE,75000,Sep-13,Paid,Personal use,"88600 Matthew Inlet
Erinborough, AL 00813"
4000, 36 months,Female,front desk,1 year,MORTGAGE,41000,Dec-14,Paid,Personal use,"57499 Tiffany Wells Apt. 978
New Brianbury, DE 48052"
15000, 36 months,Female,Contract Specialist,7 years,MORTGAGE,71500,Feb-15,Paid,Personal use,"589 Larry Roads Suite 021
Laurenberg, TN 22690"
24000, 60 months,Male,Officer,10+ years,RENT,120000,Jan-15,Paid,Personal use,"9084 Michael Harbors
New Jonathan, AK 05113"
23400, 36 months,Female,Sr. Desktop Technician,10+ years,RENT,65000,Feb-16,Not Paid,Personal use,"9568 Bowman Circle Suite 755
East Christopherhaven, SC 30723"
27200, 60 months,Female,GM,2 years,RENT,72000,Feb-15,Not Paid,Family use,"4090 Sarah Islands Apt. 161
Wattsview, IL 70466"
10000, 36 months,Female,Receiving clerk,2 years,MORTGAGE,95000,Oct-16,Paid,Family use,"203 Travis Stream Suite 743
Michaelmouth, OH 70466"
24000, 60 months,Male,Associate Attorney,4 years,RENT,85000,Feb-14,Paid,Family use,"82177 Dean Valley Apt. 965
North George, IL 48052"
15000, 36 months,Female,Consultant,10+ years,MORTGAGE,74600,Oct-13,Paid,Family use,"USNV Sims
FPO AA 29597"
31300, 36 months,Female,East Georgia Regional Medical Center,7 years,MORTGAGE,70000,Dec-12,Paid,Family use,"0853 Friedman Crest
Alexabury, TX 05113"
14400, 60 months,Male,ATPA,< 1 year,MORTGAGE,47500,Mar-13,Paid,Family use,"PSC 9254, Box 8532
APO AA 70466"
12000, 36 months,Male,"Newman Technology, Inc.",10+ years,MORTGAGE,90480,Jun-13,Paid,Family use,"248 Kimberly Locks Apt. 015
Jamieville, VT 70466"
11000, 36 months,Male,Supervisor,10+ years,MORTGAGE,65000,Feb-14,Paid,Family use,"348 Barbara Ports
Perryburgh, CO 22690"
10000, 36 months,Male,Vice President,3 years,RENT,95000,Jan-15,Paid,Family use,"618 Michael Crest
Rickyview, TN 22690"
20000, 36 months,Male,CPA,10+ years,MORTGAGE,85000,Apr-15,Paid,Family use,"209 Heather Drives
Ronaldfurt, GA 48052"
16000, 36 months,Male,New Hanover Regional Medical Center,10+ years,MORTGAGE,73000,Jan-12,Paid,Family use,"89359 Deleon Mission Apt. 683
Lake Samantha, CO 48052"
7625, 36 months,Male,cSr 1,10+ years,RENT,75000,Oct-14,Paid,Family use,"Unit 6948 Box 9867
DPO AP 48052"
8000, 36 months,Male,Fulfillment Manager,3 years,RENT,45000,Oct-14,Paid,Family use,"3122 Frost Parks
Millerfurt, OH 05113"
28500, 36 months,Female,longshoreman,10+ years,MORTGAGE,240000,Mar-14,Paid,Family use,"724 Green Square
Riggston, NC 05113"
18000, 36 months,Female,Del Norte County Unified School District,10+ years,MORTGAGE,88000,Aug-12,Paid,Family use,"920 Hardin Ville Suite 896
Austinfort, WV 30723"
26375, 36 months,Female,Vice President,2 years,RENT,60000,Nov-14,Not Paid,Family use,"548 Brian Wall
Crossstad, HI 30723"
20000, 36 months,Female,Manager of Engineering,10+ years,MORTGAGE,164732,Jan-15,Paid,Family use,"73275 Smith Square Apt. 500
Anneland, TN 70466"
9000, 36 months,Male,B Operater,9 years,RENT,85000,Jul-15,Paid,Family use,"330 Diana Summit Apt. 989
Port Veronicaville, MT 00813"
15000, 36 months,Female,E-5,10+ years,MORTGAGE,58164,Feb-14,Paid,Family use,"141 Jennifer Club Suite 584
West Kevin, PA 00813"
12500, 36 months,Female,Center for Employment Training,1 year,MORTGAGE,55000,Oct-12,Paid,Family use,"7391 Nancy Dale
Jacksonstad, MT 05113"
8875, 36 months,Female,,,MORTGAGE,50000,Nov-14,Paid,Family use,"698 Marshall Estate
Davidborough, MN 00813"
10000, 36 months,Male,Staff Accountant,4 years,MORTGAGE,65000,May-15,Paid,Family use,"8834 Martin Fork Suite 825
Medinatown, MI 29597"
4000, 36 months,Female,Correctional Officer,10+ years,MORTGAGE,60000,Jul-16,Paid,Family use,"08680 Kathy Junctions Suite 109
West Sydney, NY 05113"
10000, 36 months,Male,CITY OF LA - FIRE AND POLICE PENSIONS,10+ years,MORTGAGE,85838,Jan-13,Paid,Family use,"928 Atkins Ville Apt. 033
Smithhaven, MI 22690"
20000, 60 months,Female,Teacher,10+ years,MORTGAGE,94000,Nov-15,Paid,Family use,"93780 Jennings Row Apt. 643
Mitchellfort, MA 70466"
34800, 36 months,Male,Human Resource Manager,6 years,RENT,78000,Sep-14,Paid,Family use,"92225 Aaron Station
Maryborough, OR 22690"
5000, 36 months,Female,New Dimensions,7 years,MORTGAGE,24000,Jun-13,Paid,Family use,"2851 Heather Gardens
Lake William, NV 22690"
15000, 36 months,Female,Duff and Phelps LLC,6 years,MORTGAGE,64500,Aug-13,Paid,Family use,"3151 Mary Brooks Suite 058
Penningtonton, MI 22690"
25000, 60 months,Male,Physician,10+ years,MORTGAGE,210000,Apr-14,Paid,Family use,"55562 Duncan Shore Suite 406
South Nichole, UT 00813"
5075, 36 months,Male,Walmart,10+ years,MORTGAGE,53000,Jan-13,Paid,Family use,"3434 Aaron Center Apt. 863
Garzatown, DC 30723"
7500, 36 months,Male,Personal Trainer,3 years,RENT,20000,Jan-15,Paid,Family use,"584 Anderson Camp Apt. 958
Lake Jillland, AL 70466"
35000, 60 months,Female,Berne-Knox-Westerlo Central School Distr,10+ years,MORTGAGE,78000,Mar-13,Paid,Family use,"PSC 2746, Box 0900
APO AE 29597"
4950, 36 months,Male,Journey wireman,< 1 year,MORTGAGE,60000,Jul-15,Paid,Family use,"6021 Ferguson Court Suite 591
Johnstad, DE 22690"
12000, 36 months,Male,Business Customer Service Analyst,10+ years,RENT,65000,Apr-15,Not Paid,Family use,"8950 Christian Rapids Apt. 348
Jacobton, CA 22690"
12000, 36 months,Male,Technisand,4 years,MORTGAGE,55000,Nov-10,Paid,Family use,"66635 Reginald Prairie Suite 440
Allisontown, ND 29597"
17600, 36 months,Female,Blue River Productions,4 years,RENT,50000,Mar-13,Paid,Family use,"08915 Gallagher Mountains
West Dustinfort, MN 00813"
10000, 36 months,Male,Kohler,1 year,MORTGAGE,43900,Oct-12,Paid,Family use,"419 Julie Underpass Suite 909
New Charlesfurt, AK 22690"
13475, 60 months,Male,Juniper Networks,4 years,RENT,121392,Jul-11,Paid,Family use,"30962 Pope Brook Suite 077
Stephaniechester, WV 05113"
18000, 36 months,Male,Foreman,2 years,OWN,51500,Sep-15,Paid,Family use,"68189 Nelson Extension Suite 851
Port Andrew, VT 29597"
16475, 60 months,Male,Logistics and Tranportation,10+ years,MORTGAGE,55000,Nov-14,Paid,Family use,"509 Larry Roads
Port Megan, IA 48052"
10150, 36 months,Female,Team Lead Loss Mitigation-FHLMC,2 years,RENT,48360,Feb-14,Paid,Family use,"220 Sullivan Pines
East Jean, FL 30723"
15250, 36 months,Male,Commonwealth of massachusetts,5 years,RENT,44000,May-13,Paid,Family use,"462 Wolf Meadow Suite 348
Derekshire, KS 00813"
20000, 60 months,Female,NYC  Human Resource Administration,4 years,OWN,90000,Jul-13,Not Paid,Family use,"2340 Veronica Extension Suite 429
Houseland, ID 93700"
6900, 36 months,Female,3rd Grade Teacher,< 1 year,MORTGAGE,39000,Aug-14,Paid,Family use,"0419 Thompson Isle Suite 419
East Jacquelineview, OR 05113"
20400, 60 months,Female,Sales Representative,4 years,RENT,51000,Aug-14,Not Paid,Family use,"95540 Barnes Summit Suite 139
North Corey, MI 93700"
2400, 36 months,Female,Grounds keeper,2 years,RENT,49464,Jul-15,Paid,Family use,"Unit 9645 Box 3794
DPO AA 22690"
4200, 36 months,Female,etr associates,5 years,RENT,41000,Mar-11,Paid,Family use,"0815 Veronica Branch
Robinsonton, MN 05113"
3000, 36 months,Female,Staff Assistant,10+ years,MORTGAGE,65839,Jul-16,Paid,Family use,"PSC 2605, Box 5324
APO AA 48052"
25000, 36 months,Female,,10+ years,RENT,90000,Mar-12,Paid,Family use,"87600 Connie Inlet Suite 338
West Gabriel, NM 30723"
6625, 36 months,Female,home depot,10+ years,RENT,42000,May-13,Paid,Family use,"881 Harris Skyway Suite 307
Kellystad, ND 05113"
28000, 36 months,Male,Pharmacist,2 years,RENT,100000,Nov-14,Paid,Family use,"PSC 5298, Box 0538
APO AE 00813"
6625, 36 months,Male,ability house,10+ years,OWN,25000,May-13,Not Paid,Family use,"05352 Charles Parkways Apt. 066
West Deborahland, NJ 30723"
35000, 60 months,Female,Half owner,8 years,OWN,250000,Jan-15,Paid,Family use,"0753 Thomas Rue Apt. 166
West Beth, CO 70466"
4000, 36 months,Female,office Manager,10+ years,MORTGAGE,60000,May-15,Paid,Family use,"4349 Lisa Estate
West Susan, DE 05113"
8275, 36 months,Male,Candy Maker,10+ years,OWN,25000,Oct-13,Paid,Family use,"216 Matthew Port Suite 231
Stephanieburgh, OK 22690"
17000, 60 months,Male,Charge Nurse,7 years,MORTGAGE,76000,Oct-14,Paid,Family use,"529 Newton Mews Suite 951
Lake Mark, VT 30723"
35000, 36 months,Male,Comptroller,10+ years,MORTGAGE,130000,Sep-15,Not Paid,Family use,"10575 Maxwell Islands
Kimberlymouth, IA 93700"
18000, 36 months,Male,water plant operator,2 years,MORTGAGE,42000,Jan-15,Not Paid,Family use,"USNS Roberts
FPO AA 11650"
15000, 36 months,Male,USAF,9 years,RENT,72000,Nov-12,Paid,Family use,"483 Roth Stravenue Suite 634
Lake Brandon, DE 70466"
13000, 36 months,Female,,,RENT,58000,Oct-14,Not Paid,Family use,"USNS Hawkins
FPO AA 70466"
21150, 36 months,Female,"Audience, Inc.",2 years,RENT,52000,Jan-13,Paid,Family use,"65042 Lane Course Apt. 041
Sandersview, NV 22690"
17325, 60 months,Male,four seasons hotel,6 years,RENT,40000,Sep-13,Paid,Family use,"5760 Jennifer Underpass Apt. 998
East Jessica, KS 70466"
25000, 60 months,Female,Store Manager,10+ years,MORTGAGE,99000,Jan-15,Paid,Family use,"37658 Pugh Rest
West Patriciatown, WV 30723"
10000, 36 months,Male,Treasury Analyst ,4 years,RENT,65000,Feb-15,Paid,Family use,"6900 Scott Motorway
North Jennifer, RI 05113"
23050, 36 months,Male,,,MORTGAGE,150000,Aug-14,Paid,Family use,"474 Martin Shore Apt. 673
New Joshua, AR 70466"
12000, 36 months,Female,United Parcel Service,10+ years,RENT,39000,May-13,Paid,Family use,"96476 Walters Wells Apt. 837
Rileyberg, MD 30723"
15350, 36 months,Female,Calcasieu parish school board,10+ years,MORTGAGE,72000,Dec-12,Paid,Family use,"703 Miller Pike Suite 175
New David, HI 30723"
9950, 36 months,Female,CPSI,< 1 year,OWN,30000,Nov-12,Paid,Family use,"217 Bruce Path Suite 029
Port Wendy, SD 70466"
10000, 36 months,Female,Columbia distributing,6 years,MORTGAGE,65000,Oct-12,Not Paid,Family use,"0468 Clark Forest Apt. 691
East Nicholasview, IN 48052"
